{
  "Ansi 7 Color (Light)" : {
    "Red Component" : 0.93333333333333335,
    "Color Space" : "sRGB",
    "Blue Component" : 0.83529411764705885,
    "Green Component" : 0.90980392156862744
  },
  "Ansi 15 Color (Light)" : {
    "Red Component" : 0.99215686274509807,
    "Color Space" : "sRGB",
    "Blue Component" : 0.8901960784313725,
    "Green Component" : 0.96470588235294119
  },
  "Ansi 2 Color (Light)" : {
    "Red Component" : 0.52156862745098043,
    "Color Space" : "sRGB",
    "Blue Component" : 0,
    "Green Component" : 0.59999999999999998
  },
  "Bold Color" : {
    "Green Component" : 0.89803921568627454,
    "Red Component" : 0.90196078431372551,
    "Blue Component" : 1
  },
  "Ansi 1 Color (Dark)" : {
    "Red Component" : 0.86274509803921573,
    "Color Space" : "sRGB",
    "Blue Component" : 0.18431372549019609,
    "Green Component" : 0.19607843137254902
  },
  "Use Bright Bold" : true,
  "Ansi 9 Color (Light)" : {
    "Red Component" : 0.79607843137254897,
    "Color Space" : "sRGB",
    "Blue Component" : 0.086274509803921567,
    "Green Component" : 0.29411764705882354
  },
  "Ansi 8 Color (Dark)" : {
    "Red Component" : 0,
    "Color Space" : "sRGB",
    "Blue Component" : 0.21176470588235294,
    "Green Component" : 0.16862745098039217
  },
  "Background Color" : {
    "Green Component" : 0.12549019607843137,
    "Red Component" : 0.11764705882352941,
    "Blue Component" : 0.15294117647058825
  },
  "Columns" : 130,
  "Ansi 8 Color" : {
    "Green Component" : 0.37254902720451355,
    "Red Component" : 0.34509804844856262,
    "Blue Component" : 0.42745098471641541
  },
  "Right Option Key Sends" : 0,
  "Ansi 4 Color (Light)" : {
    "Red Component" : 0.14901960784313725,
    "Color Space" : "sRGB",
    "Blue Component" : 0.82352941176470584,
    "Green Component" : 0.54509803921568623
  },
  "Has Hotkey" : false,
  "Blinking Cursor" : true,
  "Selected Text Color (Light)" : {
    "Red Component" : 0.57647058823529407,
    "Color Space" : "sRGB",
    "Blue Component" : 0.63137254901960782,
    "Green Component" : 0.63137254901960782
  },
  "Selected Text Color (Dark)" : {
    "Red Component" : 0.57647058823529407,
    "Color Space" : "sRGB",
    "Blue Component" : 0.63137254901960782,
    "Green Component" : 0.63137254901960782
  },
  "Cursor Type" : 0,
  "Keyboard Map" : {

  },
  "Place Prompt at First Column" : false,
  "Open Toolbelt" : false,
  "Ansi 3 Color (Dark)" : {
    "Red Component" : 0.70980392156862748,
    "Color Space" : "sRGB",
    "Blue Component" : 0,
    "Green Component" : 0.53725490196078429
  },
  "Visual Bell" : true,
  "Cursor Text Color" : {
    "Green Component" : 0.77144092321395874,
    "Red Component" : 0.76960963010787964,
    "Blue Component" : 0.70993047952651978
  },
  "Scrollback Lines" : 5000,
  "Selection Color (Light)" : {
    "Red Component" : 0.027450980392156862,
    "Color Space" : "sRGB",
    "Blue Component" : 0.25882352941176473,
    "Green Component" : 0.21176470588235294
  },
  "Ansi 0 Color" : {
    "Green Component" : 0.37254902720451355,
    "Red Component" : 0.34509804844856262,
    "Blue Component" : 0.42745098471641541
  },
  "Match Background Color (Dark)" : {
    "Red Component" : 1,
    "Color Space" : "P3",
    "Blue Component" : 0,
    "Alpha Component" : 1,
    "Green Component" : 1
  },
  "Ansi 11 Color (Light)" : {
    "Red Component" : 0.396078431372549,
    "Color Space" : "sRGB",
    "Blue Component" : 0.51372549019607838,
    "Green Component" : 0.4823529411764706
  },
  "Ansi 5 Color (Dark)" : {
    "Red Component" : 0.82745098039215681,
    "Color Space" : "sRGB",
    "Blue Component" : 0.50980392156862742,
    "Green Component" : 0.21176470588235294
  },
  "Cursor Text Color (Light)" : {
    "Red Component" : 0.027450980392156862,
    "Color Space" : "sRGB",
    "Blue Component" : 0.25882352941176473,
    "Green Component" : 0.21176470588235294
  },
  "Silence Bell" : false,
  "Rows" : 38,
  "Guid" : "E3E74732-508F-4D51-B149-3CB10CB454E3",
  "Ansi 14 Color (Dark)" : {
    "Red Component" : 0.57647058823529407,
    "Color Space" : "sRGB",
    "Blue Component" : 0.63137254901960782,
    "Green Component" : 0.63137254901960782
  },
  "Ansi 15 Color (Dark)" : {
    "Red Component" : 0.99215686274509807,
    "Color Space" : "sRGB",
    "Blue Component" : 0.8901960784313725,
    "Green Component" : 0.96470588235294119
  },
  "Ansi 0 Color (Dark)" : {
    "Red Component" : 0.027450980392156862,
    "Color Space" : "sRGB",
    "Blue Component" : 0.25882352941176473,
    "Green Component" : 0.21176470588235294
  },
  "Ambiguous Double Width" : false,
  "Option Key Sends" : 0,
  "Ansi 3 Color" : {
    "Green Component" : 0.70980392156862748,
    "Red Component" : 0.87450980392156863,
    "Blue Component" : 0.38823529411764707
  },
  "Window Type" : 0,
  "BM Growl" : true,
  "Prompt Before Closing 2" : false,
  "Command" : "",
  "Selected Text Color" : {
    "Green Component" : 0.56231993436813354,
    "Red Component" : 0.48961970210075378,
    "Blue Component" : 0.64197766780853271
  },
  "Ansi 14 Color (Light)" : {
    "Red Component" : 0.57647058823529407,
    "Color Space" : "sRGB",
    "Blue Component" : 0.63137254901960782,
    "Green Component" : 0.63137254901960782
  },
  "Cursor Guide Color (Dark)" : {
    "Red Component" : 0.74862593412399292,
    "Color Space" : "P3",
    "Blue Component" : 0.99125725030899048,
    "Alpha Component" : 0.25,
    "Green Component" : 0.92047786712646484
  },
  "Send Code When Idle" : false,
  "Ansi 6 Color" : {
    "Green Component" : 0.6588235294117647,
    "Red Component" : 0.26666666666666666,
    "Blue Component" : 0.71372549019607845
  },
  "Jobs to Ignore" : [
    "rlogin",
    "ssh",
    "slogin",
    "telnet"
  ],
  "Badge Color (Dark)" : {
    "Red Component" : 0.92929404973983765,
    "Color Space" : "P3",
    "Blue Component" : 0.13960540294647217,
    "Alpha Component" : 0.5,
    "Green Component" : 0.25479039549827576
  },
  "Cursor Color" : {
    "Green Component" : 0.96674919128417969,
    "Red Component" : 0.96554505825042725,
    "Blue Component" : 0.92647796869277954
  },
  "Vertical Spacing" : 1,
  "Bound Hosts" : [

  ],
  "Disable Window Resizing" : true,
  "Close Sessions On End" : true,
  "Selection Color (Dark)" : {
    "Red Component" : 0.027450980392156862,
    "Color Space" : "sRGB",
    "Blue Component" : 0.25882352941176473,
    "Green Component" : 0.21176470588235294
  },
  "Default Bookmark" : "No",
  "Foreground Color (Light)" : {
    "Red Component" : 0.51372549019607838,
    "Color Space" : "sRGB",
    "Blue Component" : 0.58823529411764708,
    "Green Component" : 0.58039215686274515
  },
  "Custom Command" : "No",
  "Background Color (Dark)" : {
    "Red Component" : 0,
    "Color Space" : "sRGB",
    "Blue Component" : 0.21176470588235294,
    "Green Component" : 0.16862745098039217
  },
  "Ansi 9 Color" : {
    "Green Component" : 0.32549019607843138,
    "Red Component" : 0.85098039215686272,
    "Blue Component" : 0.37647058823529411
  },
  "Ansi 14 Color" : {
    "Green Component" : 0.6588235294117647,
    "Red Component" : 0.26666666666666666,
    "Blue Component" : 0.71372549019607845
  },
  "Flashing Bell" : false,
  "Use Italic Font" : true,
  "Ansi 13 Color (Dark)" : {
    "Red Component" : 0.42352941176470588,
    "Color Space" : "sRGB",
    "Blue Component" : 0.7686274509803922,
    "Green Component" : 0.44313725490196076
  },
  "Cursor Guide Color (Light)" : {
    "Red Component" : 0.74862593412399292,
    "Color Space" : "P3",
    "Blue Component" : 0.99125725030899048,
    "Alpha Component" : 0.25,
    "Green Component" : 0.92047786712646484
  },
  "Ansi 12 Color" : {
    "Green Component" : 0.5377966307043256,
    "Red Component" : 0.29988299381314448,
    "Blue Component" : 0.77082590612002366
  },
  "Ansi 10 Color (Light)" : {
    "Red Component" : 0.34509803921568627,
    "Color Space" : "sRGB",
    "Blue Component" : 0.45882352941176469,